Crop,Methods,Steps,Environment
Rice,"Puddling, Transplanting, Direct Seeding",1. Prepare the field (puddling for transplanted rice). 2. Sow seeds or transplant seedlings. 3. Irrigate and fertilize regularly. 4. Control pests and diseases. 5. Harvest and thresh.," ""Requires ample water  especially for transplanted rice. Consider water-saving irrigation techniques like alternate wetting and drying (AWD).  Avoid excessive fertilizer use to prevent water pollution."""
Maize,"Sowing, No-till Planting","1. Prepare the soil (no-till is preferred). 2. Sow seeds at the correct depth and spacing. 3. Irrigate as needed. 4. Control weeds, pests, and diseases. 5. Harvest when kernels are mature."," ""Adaptable to various conditions. Choose varieties suited to your region's climate and growing season.  Practice crop rotation to maintain soil health."""
Mothbeans,"Sowing, Dry Farming",1. Prepare the soil. 2. Sow seeds before the rainy season. 3. Requires minimal irrigation (primarily rain-fed). 4. Control weeds. 5. Harvest when pods are dry.," ""Highly drought-resistant. Ideal for arid and semi-arid regions. Helps improve soil fertility."""
Pigeonpeas,"Sowing, Intercropping","1. Prepare the soil. 2. Sow seeds, often intercropped with other crops. 3. Irrigate sparingly. 4. Control pests and diseases. 5. Harvest when pods are mature."," ""Relatively drought-tolerant.  Intercropping helps maximize land use and improve soil health. Fixes nitrogen in the soil."""
Chickpea,"Sowing, Seed Treatment",1. Treat seeds with fungicides to protect against soil-borne diseases. 2. Sow seeds in well-drained soil. 3. Irrigate as needed. 4. Control pests and diseases. 5. Harvest when seeds are mature.," ""Requires well-drained soil. Sensitive to waterlogging.  A valuable source of protein."""
Groundnut,"Sowing, Soil Turning","1. Turn the soil to loosen it. 2. Sow seeds. 3. Irrigate regularly, especially during pod development. 4. Control pests and diseases. 5. Harvest when pods are mature."," ""Requires well-drained  sandy soil.  Fixes nitrogen in the soil.  Important oilseed crop."""
Sugarcane,"Planting, Ratoon Cropping",1. Prepare the land. 2. Plant sugarcane cuttings (setts). 3. Irrigate and fertilize heavily. 4. Control pests and diseases. 5. Harvest and process.," ""A water-intensive crop. Efficient irrigation practices are essential.  Ratoon cropping (allowing new shoots to grow from the cut stumps) is common."""
Moong,"Sowing, Summer or Kharif Crop",1. Prepare the soil. 2. Sow seeds. 3. Irrigate as needed. 4. Control pests and diseases. 5. Harvest when pods are mature.," ""A short-duration crop. Can be grown in summer or kharif season.  A good source of protein."""
Urdbean,"Sowing, Kharif Crop",1. Prepare the soil. 2. Sow seeds during the kharif season. 3. Irrigate as needed. 4. Control pests and diseases. 5. Harvest when pods are mature.," ""Similar to moong bean in its requirements.  A nutritious legume crop."""
Cowpea,"Sowing, Intercropping","1. Prepare the soil. 2. Sow seeds, often intercropped. 3. Irrigate as needed. 4. Control pests and diseases. 5. Harvest when pods are mature."," ""A versatile legume crop.  Can be used for grain  fodder  or green manure."""
Banana,"Planting, Tissue Culture",1. Prepare the land. 2. Plant tissue-cultured plantlets or suckers. 3. Irrigate and fertilize regularly. 4. Control pests and diseases. 5. Harvest when fruits are mature.," ""Requires a tropical climate and ample water.  Soil health is crucial for high yields."""
Grapes,"Pruning, Trellising",1. Prepare the soil and install trellises. 2. Plant grapevines. 3. Prune regularly. 4. Irrigate and fertilize. 5. Harvest when grapes are ripe.," ""Requires specific climatic conditions.  Proper pruning and trellising are essential for fruit production."""
Apple,"Grafting, Pruning",1. Choose suitable rootstock and graft apple varieties. 2. Plant trees. 3. Prune regularly to shape the tree and promote fruiting. 4. Irrigate and fertilize. 5. Harvest when fruits are mature.," ""Thrives in temperate climates.  Proper pollination is essential for fruit set."""
